Metryka,Powtórzenie_1,Powtórzenie_2,Powtórzenie_3,Powtórzenie_4,Powtórzenie_5
Dok³adnoœæ,0.74,0.74,0.74,0.74,0.74
Czu³oœæ,0.7,0.7272727272727273,0.7333333333333333,0.7333333333333333,0.7333333333333333
Precyzja,0.4117647058823529,0.42105263157894735,0.42105263157894735,0.42105263157894735,0.42105263157894735
Swoistoœæ,0.75,0.7575757575757576,0.7567567567567568,0.7575757575757576,0.7619047619047619
F1,0.5185185185185185,0.5384615384615384,0.5384615384615384,0.5384615384615384,0.5333333333333333
Zbalansowana dok³adnoœæ,0.7289972899728998,0.7408637873754154,0.743421052631579,0.7462121212121212,0.7425474254742548
Œrednia geometryczna,0.7254762501100116,0.7380798769522882,0.7404360971988655,0.7433919416750281,0.7404360971988655