Metryka,Powtórzenie_1,Powtórzenie_2,Powtórzenie_3,Powtórzenie_4,Powtórzenie_5
Dok³adnoœæ,0.72,0.74,0.72,0.74,0.72
Czu³oœæ,0.0,0.0,0.09090909090909091,0.09090909090909091,0.09090909090909091
Precyzja,nan,nan,nan,nan,nan
Swoistoœæ,0.9285714285714286,0.9333333333333333,0.9166666666666666,0.918918918918919,0.9024390243902439
F1,0.0,0.0,0.09523809523809523,0.125,0.1
Zbalansowana dok³adnoœæ,0.5,0.5,0.5,0.5,0.5
Œrednia geometryczna,0.0,0.0,0.14744195615489714,0.2581988897471611,0.2544836041121407